championName,championId,mp,level,line,speed,intersection,class,cc,help,weapon,damage,damage2,hp,hp2,armor,armor2,hpregen,hpregen2,attackspeed,attackspeed2
가렌,86,없음,플레이하기 쉬움,탑,이속이 보통임,사거리가 짧음,전사,군중제어가 안좋음,지원이 안좋음,검,초반공격력이 셈,후반공격력이 셈,초반체력이 많다,후반체력이 보통임,초반방어력이 좋음,후반방어력이 보통임,초반체력회복력이 좋음,후반체력회복력이 보통임,초반공격속도가 빠름,후반공격속도가 빠름
갈리오,3,마나,플레이하기 무난함,미드,이속이 보통임,사거리가 짧음,탱커,군중제어가 좋음,지원이 안좋음,1,초반공격력이 보통임,후반공격력이 셈,초반체력이 보통임,후반체력이 많음,초반방어력이 안좋음,후반방어력이 보통임,초반체력회복력이 좋음,후반체력회복력이 좋음,초반공격속도가 느림,후반공격속도가 느림
갱플랭크,41,마나,플레이하기 어려움,탑,이속이 빠름,사거리가 짧음,전사,군중제어가 안좋음,지원이 보통임,총과칼,초반공격력이 셈,후반공격력이 셈,초반체력이 적음,후반체력이 많음,초반방어력이 보통임,후반방어력이 안좋음,초반체력회복력이 보통임,후반체력회복력이 보통임,초반공격속도가 빠름,후반공격속도가 빠름
그라가스,79,마나,플레이하기 무난함,탑,이속이 느림,사거리가 짧음,전사,군중제어가 좋음,지원이 안좋음,2,초반공격력이 셈,후반공격력이 셈,초반체력이 많다,후반체력이 많음,초반방어력이 좋음,후반방어력이 좋음,초반체력회복력이 안좋음,후반체력회복력이 안좋음,초반공격속도가 보통임,후반공격속도가 보통임
그레이브즈,104,마나,플레이하기 무난함,정글,이속이 보통임,사거리가 보통임,원거리,군중제어가 안좋음,지원이 보통임,총,초반공격력이 셈,후반공격력이 셈,초반체력이 보통임,후반체력이 보통임,초반방어력이 보통임,후반방어력이 보통임,초반체력회복력이 좋음,후반체력회복력이 좋음,초반공격속도가 보통임,후반공격속도가 느림
그웬,887,마나,플레이하기 무난함,탑,이속이 보통임,사거리가 짧음,전사,군중제어가 안좋음,지원이 보통임,가위,초반공격력이 셈,후반공격력이 보통임,초반체력이 보통임,후반체력이 많음,초반방어력이 좋음,후반방어력이 좋음,초반체력회복력이 좋음,후반체력회복력이 좋음,초반공격속도가 보통임,후반공격속도가 보통임
나르,150,분노,플레이하기 어려움,탑,이속이 보통임,사거리가 짧음,전사,군중제어가 보통임,지원이 안좋음,부메랑,초반공격력이 보통임,후반공격력이 보통임,초반체력이 적음,후반체력이 적음,초반방어력이 보통임,후반방어력이 안좋음,초반체력회복력이 안좋음,후반체력회복력이 좋음,초반공격속도가 빠름,후반공격속도가 빠름
나미,267,마나,플레이하기 무난함,서폿,이속이 보통임,사거리가 김,서포터,군중제어가 좋음,지원이 보통임,지팡이,초반공격력이 약함,후반공격력이 약함,초반체력이 적음,후반체력이 적음,초반방어력이 보통임,후반방어력이 좋음,초반체력회복력이 안좋음,후반체력회복력이 안좋음,초반공격속도가 보통임,후반공격속도가 보통임
나서스,75,마나,플레이하기 쉬움,탑,이속이 빠름,사거리가 짧음,전사,군중제어가 보통임,지원이 안좋음,지팡이,초반공격력이 셈,후반공격력이 셈,초반체력이 보통임,후반체력이 보통임,초반방어력이 좋음,후반방어력이 좋음,초반체력회복력이 좋음,후반체력회복력이 좋음,초반공격속도가 빠름,후반공격속도가 빠름
나피리,950,마나,플레이하기 쉬움,미드,이속이 보통임,사거리가 짧음,암살자,군중제어가 안좋음,지원이 안좋음,3,초반공격력이 약함,후반공격력이 약함,초반체력이 보통임,후반체력이 많음,초반방어력이 보통임,후반방어력이 보통임,초반체력회복력이 좋음,후반체력회복력이 좋음,초반공격속도가 보통임,후반공격속도가 보통임
노틸러스,111,마나,플레이하기 무난함,서폿,이속이 느림,사거리가 짧음,탱커,군중제어가 좋음,지원이 안좋음,닻,초반공격력이 보통임,후반공격력이 보통임,초반체력이 많다,후반체력이 보통임,초반방어력이 좋음,후반방어력이 좋음,초반체력회복력이 좋음,후반체력회복력이 보통임,초반공격속도가 느림,후반공격속도가 보통임
녹턴,56,마나,플레이하기 쉬움,정글,이속이 빠름,사거리가 짧음,전사,군중제어가 보통임,지원이 보통임,4,초반공격력이 셈,후반공격력이 약함,초반체력이 많다,후반체력이 많음,초반방어력이 좋음,후반방어력이 좋음,초반체력회복력이 보통임,후반체력회복력이 좋음,초반공격속도가 보통임,후반공격속도가 빠름
누누와 윌럼프,20,마나,플레이하기 쉬움,정글,이속이 빠름,사거리가 짧음,탱커,군중제어가 보통임,지원이 보통임,5,초반공격력이 보통임,후반공격력이 보통임,초반체력이 보통임,후반체력이 적음,초반방어력이 보통임,후반방어력이 안좋음,초반체력회복력이 안좋음,후반체력회복력이 보통임,초반공격속도가 보통임,후반공격속도가 보통임
니달리,76,마나,플레이하기 어려움,정글,이속이 보통임,사거리가 보통임,암살자,군중제어가 안좋음,지원이 보통임,창,초반공격력이 보통임,후반공격력이 보통임,초반체력이 보통임,후반체력이 많음,초반방어력이 보통임,후반방어력이 보통임,초반체력회복력이 보통임,후반체력회복력이 보통임,초반공격속도가 빠름,후반공격속도가 보통임
니코,518,마나,플레이하기 쉬움,서폿,이속이 보통임,사거리가 김,마법사,군중제어가 안좋음,지원이 좋음,6,초반공격력이 약함,후반공격력이 약함,초반체력이 보통임,후반체력이 보통임,초반방어력이 안좋음,후반방어력이 보통임,초반체력회복력이 좋음,후반체력회복력이 좋음,초반공격속도가 빠름,후반공격속도가 빠름
닐라,895,마나,플레이하기 어려움,원딜,이속이 보통임,사거리가 짧음,전사,군중제어가 안좋음,지원이 보통임,검,초반공격력이 보통임,후반공격력이 약함,초반체력이 적음,후반체력이 적음,초반방어력이 보통임,후반방어력이 안좋음,초반체력회복력이 안좋음,후반체력회복력이 좋음,초반공격속도가 빠름,후반공격속도가 빠름
다리우스,122,마나,플레이하기 무난함,탑,이속이 보통임,사거리가 짧음,전사,군중제어가 보통임,지원이 안좋음,도끼,초반공격력이 셈,후반공격력이 셈,초반체력이 많다,후반체력이 많음,초반방어력이 좋음,후반방어력이 좋음,초반체력회복력이 좋음,후반체력회복력이 좋음,초반공격속도가 느림,후반공격속도가 느림
다이애나,131,마나,플레이하기 쉬움,미드,이속이 빠름,사거리가 짧음,전사,군중제어가 보통임,지원이 안좋음,검,초반공격력이 보통임,후반공격력이 보통임,초반체력이 보통임,후반체력이 많음,초반방어력이 보통임,후반방어력이 보통임,초반체력회복력이 보통임,후반체력회복력이 좋음,초반공격속도가 보통임,후반공격속도가 보통임
드레이븐,119,마나,플레이하기 어려움,원딜,이속이 느림,사거리가 김,원거리,군중제어가 안좋음,지원이 안좋음,도끼,초반공격력이 셈,후반공격력이 셈,초반체력이 많다,후반체력이 많음,초반방어력이 보통임,후반방어력이 보통임,초반체력회복력이 안좋음,후반체력회복력이 보통임,초반공격속도가 보통임,후반공격속도가 빠름
라이즈,13,마나,플레이하기 무난함,미드,이속이 보통임,사거리가 김,마법사,군중제어가 보통임,지원이 보통임,7,초반공격력이 보통임,후반공격력이 보통임,초반체력이 많다,후반체력이 많음,초반방어력이 안좋음,후반방어력이 안좋음,초반체력회복력이 좋음,후반체력회복력이 좋음,초반공격속도가 보통임,후반공격속도가 느림
라칸,497,마나,플레이하기 무난함,서폿,이속이 보통임,사거리가 보통임,서포터,군중제어가 좋음,지원이 좋음,8,초반공격력이 셈,후반공격력이 셈,초반체력이 보통임,후반체력이 적음,초반방어력이 보통임,후반방어력이 좋음,초반체력회복력이 안좋음,후반체력회복력이 안좋음,초반공격속도가 빠름,후반공격속도가 보통임
람머스,33,마나,플레이하기 쉬움,정글,이속이 보통임,사거리가 짧음,탱커,군중제어가 좋음,지원이 안좋음,9,초반공격력이 약함,후반공격력이 보통임,초반체력이 보통임,후반체력이 적음,초반방어력이 좋음,후반방어력이 좋음,초반체력회복력이 좋음,후반체력회복력이 보통임,초반공격속도가 보통임,후반공격속도가 보통임
럭스,99,마나,플레이하기 쉬움,서폿,이속이 느림,사거리가 김,마법사,군중제어가 보통임,지원이 보통임,지팡이,초반공격력이 약함,후반공격력이 보통임,초반체력이 적음,후반체력이 적음,초반방어력이 안좋음,후반방어력이 보통임,초반체력회복력이 안좋음,후반체력회복력이 안좋음,초반공격속도가 보통임,후반공격속도가 보통임
럼블,68,열기,플레이하기 어려움,탑,이속이 빠름,사거리가 짧음,전사,군중제어가 보통임,지원이 안좋음,10,초반공격력이 보통임,후반공격력이 보통임,초반체력이 많다,후반체력이 보통임,초반방어력이 좋음,후반방어력이 좋음,초반체력회복력이 좋음,후반체력회복력이 보통임,초반공격속도가 느림,후반공격속도가 느림
레나타 글라스크,888,마나,플레이하기 무난함,서폿,이속이 느림,사거리가 김,서포터,군중제어가 좋음,지원이 보통임,총,초반공격력이 약함,후반공격력이 약함,초반체력이 적음,후반체력이 적음,초반방어력이 보통임,후반방어력이 보통임,초반체력회복력이 안좋음,후반체력회복력이 안좋음,초반공격속도가 보통임,후반공격속도가 느림
레넥톤,58,분노,플레이하기 쉬움,탑,이속이 빠름,사거리가 짧음,전사,군중제어가 보통임,지원이 안좋음,검,초반공격력이 셈,후반공격력이 셈,초반체력이 많다,후반체력이 많음,초반방어력이 좋음,후반방어력이 좋음,초반체력회복력이 좋음,후반체력회복력이 좋음,초반공격속도가 보통임,후반공격속도가 보통임
레오나,89,마나,플레이하기 쉬움,서폿,이속이 보통임,사거리가 짧음,탱커,군중제어가 좋음,지원이 안좋음,검,초반공격력이 보통임,후반공격력이 보통임,초반체력이 많다,후반체력이 보통임,초반방어력이 좋음,후반방어력이 좋음,초반체력회복력이 좋음,후반체력회복력이 좋음,초반공격속도가 보통임,후반공격속도가 보통임
렉사이,421,분노,플레이하기 무난함,정글,이속이 보통임,사거리가 짧음,전사,군중제어가 보통임,지원이 보통임,11,초반공격력이 보통임,후반공격력이 보통임,초반체력이 보통임,후반체력이 적음,초반방어력이 좋음,후반방어력이 좋음,초반체력회복력이 좋음,후반체력회복력이 보통임,초반공격속도가 보통임,후반공격속도가 보통임
렐,526,마나,플레이하기 무난함,서폿,이속이 보통임,사거리가 짧음,탱커,군중제어가 좋음,지원이 보통임,창,초반공격력이 약함,후반공격력이 약함,초반체력이 보통임,후반체력이 보통임,초반방어력이 보통임,후반방어력이 안좋음,초반체력회복력이 보통임,후반체력회복력이 보통임,초반공격속도가 보통임,후반공격속도가 느림
렝가,107,흉포,플레이하기 무난함,탑,이속이 빠름,사거리가 짧음,암살자,군중제어가 보통임,지원이 안좋음,단검,초반공격력이 셈,후반공격력이 셈,초반체력이 보통임,후반체력이 보통임,초반방어력이 좋음,후반방어력이 보통임,초반체력회복력이 보통임,후반체력회복력이 보통임,초반공격속도가 빠름,후반공격속도가 빠름
루시안,236,마나,플레이하기 무난함,원딜,이속이 보통임,사거리가 보통임,원거리,군중제어가 안좋음,지원이 안좋음,총,초반공격력이 보통임,후반공격력이 보통임,초반체력이 보통임,후반체력이 보통임,초반방어력이 보통임,후반방어력이 안좋음,초반체력회복력이 안좋음,후반체력회복력이 안좋음,초반공격속도가 빠름,후반공격속도가 빠름
룰루,117,마나,플레이하기 무난함,서폿,이속이 느림,사거리가 김,서포터,군중제어가 보통임,지원이 좋음,지팡이,초반공격력이 약함,후반공격력이 약함,초반체력이 적음,후반체력이 적음,초반방어력이 보통임,후반방어력이 보통임,초반체력회복력이 보통임,후반체력회복력이 보통임,초반공격속도가 보통임,후반공격속도가 보통임
르블랑,7,마나,플레이하기 어려움,미드,이속이 보통임,사거리가 보통임,암살자,군중제어가 보통임,지원이 안좋음,지팡이,초반공격력이 약함,후반공격력이 보통임,초반체력이 적음,후반체력이 많음,초반방어력이 안좋음,후반방어력이 안좋음,초반체력회복력이 좋음,후반체력회복력이 보통임,초반공격속도가 느림,후반공격속도가 느림
리 신,64,기력,플레이하기 어려움,정글,이속이 빠름,사거리가 짧음,전사,군중제어가 보통임,지원이 안좋음,12,초반공격력이 셈,후반공격력이 셈,초반체력이 많다,후반체력이 보통임,초반방어력이 좋음,후반방어력이 좋음,초반체력회복력이 좋음,후반체력회복력이 좋음,초반공격속도가 빠름,후반공격속도가 보통임
리븐,92,없음,플레이하기 무난함,탑,이속이 보통임,사거리가 짧음,전사,군중제어가 보통임,지원이 안좋음,검,초반공격력이 셈,후반공격력이 보통임,초반체력이 보통임,후반체력이 적음,초반방어력이 보통임,후반방어력이 보통임,초반체력회복력이 좋음,후반체력회복력이 보통임,초반공격속도가 빠름,후반공격속도가 빠름
리산드라,127,마나,플레이하기 무난함,미드,이속이 느림,사거리가 김,마법사,군중제어가 좋음,지원이 보통임,13,초반공격력이 약함,후반공격력이 약함,초반체력이 보통임,후반체력이 많음,초반방어력이 안좋음,후반방어력이 보통임,초반체력회복력이 보통임,후반체력회복력이 보통임,초반공격속도가 느림,후반공격속도가 느림
릴리아,876,마나,플레이하기 어려움,정글,이속이 느림,사거리가 보통임,전사,군중제어가 보통임,지원이 보통임,지팡이,초반공격력이 보통임,후반공격력이 보통임,초반체력이 적음,후반체력이 보통임,초반방어력이 안좋음,후반방어력이 보통임,초반체력회복력이 안좋음,후반체력회복력이 안좋음,초반공격속도가 보통임,후반공격속도가 보통임
마스터 이,11,마나,플레이하기 쉬움,정글,이속이 빠름,사거리가 짧음,암살자,군중제어가 안좋음,지원이 안좋음,검,초반공격력이 셈,후반공격력이 약함,초반체력이 많다,후반체력이 보통임,초반방어력이 보통임,후반방어력이 보통임,초반체력회복력이 좋음,후반체력회복력이 보통임,초반공격속도가 보통임,후반공격속도가 보통임
마오카이,57,마나,플레이하기 쉬움,탑,이속이 보통임,사거리가 짧음,탱커,군중제어가 좋음,지원이 보통임,14,초반공격력이 셈,후반공격력이 셈,초반체력이 보통임,후반체력이 많음,초반방어력이 좋음,후반방어력이 좋음,초반체력회복력이 안좋음,후반체력회복력이 보통임,초반공격속도가 보통임,후반공격속도가 빠름
말자하,90,마나,플레이하기 쉬움,미드,이속이 보통임,사거리가 보통임,마법사,군중제어가 좋음,지원이 보통임,15,초반공격력이 약함,후반공격력이 약함,초반체력이 적음,후반체력이 적음,초반방어력이 안좋음,후반방어력이 안좋음,초반체력회복력이 보통임,후반체력회복력이 보통임,초반공격속도가 느림,후반공격속도가 느림
말파이트,54,마나,플레이하기 쉬움,탑,이속이 보통임,사거리가 짧음,탱커,군중제어가 좋음,지원이 안좋음,16,초반공격력이 셈,후반공격력이 셈,초반체력이 많다,후반체력이 보통임,초반방어력이 좋음,후반방어력이 좋음,초반체력회복력이 보통임,후반체력회복력이 보통임,초반공격속도가 빠름,후반공격속도가 빠름
모데카이저,82,보호막 ,플레이하기 무난함,탑,이속이 보통임,사거리가 짧음,전사,군중제어가 안좋음,지원이 보통임,검,초반공격력이 보통임,후반공격력이 셈,초반체력이 많다,후반체력이 보통임,초반방어력이 좋음,후반방어력이 보통임,초반체력회복력이 안좋음,후반체력회복력이 보통임,초반공격속도가 느림,후반공격속도가 느림
모르가나,25,마나,플레이하기 쉬움,서폿,이속이 보통임,사거리가 보통임,마법사,군중제어가 좋음,지원이 보통임,17,초반공격력이 보통임,후반공격력이 보통임,초반체력이 보통임,후반체력이 보통임,초반방어력이 안좋음,후반방어력이 보통임,초반체력회복력이 안좋음,후반체력회복력이 안좋음,초반공격속도가 느림,후반공격속도가 느림
문도 박사,36,없음,플레이하기 쉬움,탑,이속이 빠름,사거리가 짧음,탱커,군중제어가 안좋음,지원이 안좋음,톱,초반공격력이 보통임,후반공격력이 약함,초반체력이 보통임,후반체력이 보통임,초반방어력이 보통임,후반방어력이 안좋음,초반체력회복력이 보통임,후반체력회복력이 보통임,초반공격속도가 빠름,후반공격속도가 빠름
미스 포츈,21,마나,플레이하기 쉬움,원딜,이속이 느림,사거리가 김,원거리,군중제어가 안좋음,지원이 안좋음,총,초반공격력이 약함,후반공격력이 약함,초반체력이 보통임,후반체력이 보통임,초반방어력이 보통임,후반방어력이 안좋음,초반체력회복력이 안좋음,후반체력회복력이 안좋음,초반공격속도가 빠름,후반공격속도가 빠름
밀리오,902,마나,플레이하기 쉬움,서폿,이속이 느림,사거리가 보통임,서포터,군중제어가 보통임,지원이 좋음,18,초반공격력이 약함,후반공격력이 약함,초반체력이 적음,후반체력이 적음,초반방어력이 안좋음,후반방어력이 보통임,초반체력회복력이 안좋음,후반체력회복력이 안좋음,초반공격속도가 빠름,후반공격속도가 보통임
바드,432,마나,플레이하기 어려움,서폿,이속이 느림,사거리가 보통임,서포터,군중제어가 좋음,지원이 좋음,악기,초반공격력이 약함,후반공격력이 약함,초반체력이 보통임,후반체력이 보통임,초반방어력이 좋음,후반방어력이 좋음,초반체력회복력이 안좋음,후반체력회복력이 안좋음,초반공격속도가 보통임,후반공격속도가 느림
바루스,110,마나,플레이하기 무난함,원딜,이속이 느림,사거리가 김,원거리,군중제어가 보통임,지원이 안좋음,활,초반공격력이 셈,후반공격력이 셈,초반체력이 적음,후반체력이 보통임,초반방어력이 보통임,후반방어력이 보통임,초반체력회복력이 안좋음,후반체력회복력이 안좋음,초반공격속도가 빠름,후반공격속도가 빠름
바이,254,마나,플레이하기 쉬움,정글,이속이 보통임,사거리가 짧음,전사,군중제어가 좋음,지원이 안좋음,건틀릿,초반공격력이 셈,후반공격력이 보통임,초반체력이 많다,후반체력이 보통임,초반방어력이 보통임,후반방어력이 보통임,초반체력회복력이 좋음,후반체력회복력이 좋음,초반공격속도가 보통임,후반공격속도가 보통임
베이가,45,마나,플레이하기 무난함,미드,이속이 느림,사거리가 김,마법사,군중제어가 좋음,지원이 안좋음,지팡이,초반공격력이 약함,후반공격력이 약함,초반체력이 적음,후반체력이 보통임,초반방어력이 안좋음,후반방어력이 보통임,초반체력회복력이 보통임,후반체력회복력이 보통임,초반공격속도가 보통임,후반공격속도가 느림
베인,67,마나,플레이하기 무난함,원딜,이속이 느림,사거리가 김,원거리,군중제어가 보통임,지원이 안좋음, 쇠뇌,초반공격력이 보통임,후반공격력이 약함,초반체력이 적음,후반체력이 적음,초반방어력이 안좋음,후반방어력이 안좋음,초반체력회복력이 안좋음,후반체력회복력이 안좋음,초반공격속도가 빠름,후반공격속도가 빠름
벡스,711,마나,플레이하기 무난함,미드,이속이 보통임,사거리가 김,마법사,군중제어가 보통임,지원이 안좋음,19,초반공격력이 약함,후반공격력이 약함,초반체력이 적음,후반체력이 보통임,초반방어력이 안좋음,후반방어력이 안좋음,초반체력회복력이 보통임,후반체력회복력이 보통임,초반공격속도가 느림,후반공격속도가 느림
벨베스,200,없음,플레이하기 어려움,정글,이속이 보통임,사거리가 짧음,전사,군중제어가 보통임,지원이 안좋음,20,초반공격력이 보통임,후반공격력이 약함,초반체력이 보통임,후반체력이 적음,초반방어력이 보통임,후반방어력이 보통임,초반체력회복력이 보통임,후반체력회복력이 보통임,초반공격속도가 느림,후반공격속도가 빠름
벨코즈,161,마나,플레이하기 어려움,서폿,이속이 보통임,사거리가 보통임,마법사,군중제어가 보통임,지원이 안좋음,21,초반공격력이 약함,후반공격력이 보통임,초반체력이 적음,후반체력이 적음,초반방어력이 안좋음,후반방어력이 안좋음,초반체력회복력이 안좋음,후반체력회복력이 안좋음,초반공격속도가 느림,후반공격속도가 느림
볼리베어,106,마나,플레이하기 쉬움,탑,이속이 보통임,사거리가 짧음,전사,군중제어가 보통임,지원이 안좋음,22,초반공격력이 보통임,후반공격력이 셈,초반체력이 많다,후반체력이 보통임,초반방어력이 보통임,후반방어력이 좋음,초반체력회복력이 좋음,후반체력회복력이 좋음,초반공격속도가 보통임,후반공격속도가 느림
브라움,201,마나,플레이하기 무난함,서폿,이속이 보통임,사거리가 짧음,탱커,군중제어가 좋음,지원이 보통임,방패,초반공격력이 약함,후반공격력이 보통임,초반체력이 보통임,후반체력이 많음,초반방어력이 좋음,후반방어력이 좋음,초반체력회복력이 좋음,후반체력회복력이 좋음,초반공격속도가 빠름,후반공격속도가 빠름
브라이어,233,분노,플레이하기 무난함,정글,이속이 보통임,사거리가 짧음,전사,군중제어가 좋음,지원이 안좋음,23,초반공격력이 보통임,후반공격력이 보통임,초반체력이 보통임,후반체력이 적음,초반방어력이 보통임,후반방어력이 안좋음,초반체력회복력이 안좋음,후반체력회복력이 안좋음,초반공격속도가 보통임,후반공격속도가 보통임
브랜드,63,마나,플레이하기 무난함,서폿,이속이 보통임,사거리가 김,마법사,군중제어가 보통임,지원이 안좋음,24,초반공격력이 보통임,후반공격력이 보통임,초반체력이 적음,후반체력이 적음,초반방어력이 안좋음,후반방어력이 안좋음,초반체력회복력이 안좋음,후반체력회복력이 안좋음,초반공격속도가 느림,후반공격속도가 느림
블라디미르,8,핏빛 격노,플레이하기 무난함,탑,이속이 느림,사거리가 보통임,마법사,군중제어가 안좋음,지원이 안좋음,25,초반공격력이 약함,후반공격력이 약함,초반체력이 적음,후반체력이 많음,초반방어력이 보통임,후반방어력이 보통임,초반체력회복력이 보통임,후반체력회복력이 보통임,초반공격속도가 보통임,후반공격속도가 보통임
블리츠크랭크,53,마나,플레이하기 쉬움,서폿,이속이 느림,사거리가 짧음,탱커,군중제어가 좋음,지원이 안좋음,26,초반공격력이 셈,후반공격력이 셈,초반체력이 보통임,후반체력이 많음,초반방어력이 좋음,후반방어력이 좋음,초반체력회복력이 좋음,후반체력회복력이 좋음,초반공격속도가 느림,후반공격속도가 느림
비에고,234,없음,플레이하기 어려움,정글,이속이 빠름,사거리가 짧음,전사,군중제어가 보통임,지원이 안좋음,검,초반공격력이 보통임,후반공격력이 보통임,초반체력이 보통임,후반체력이 많음,초반방어력이 좋음,후반방어력이 좋음,초반체력회복력이 보통임,후반체력회복력이 보통임,초반공격속도가 보통임,후반공격속도가 보통임
빅토르,112,마나,플레이하기 어려움,미드,이속이 보통임,사거리가 보통임,마법사,군중제어가 보통임,지원이 안좋음,지팡이,초반공격력이 약함,후반공격력이 약함,초반체력이 적음,후반체력이 보통임,초반방어력이 안좋음,후반방어력이 보통임,초반체력회복력이 좋음,후반체력회복력이 보통임,초반공격속도가 보통임,후반공격속도가 보통임
뽀삐,78,마나,플레이하기 무난함,서폿,이속이 빠름,사거리가 짧음,탱커,군중제어가 좋음,지원이 안좋음,망치,초반공격력이 셈,후반공격력이 셈,초반체력이 보통임,후반체력이 보통임,초반방어력이 좋음,후반방어력이 좋음,초반체력회복력이 좋음,후반체력회복력이 좋음,초반공격속도가 보통임,후반공격속도가 보통임
사미라,360,마나,플레이하기 무난함,원딜,이속이 보통임,사거리가 보통임,원거리,군중제어가 안좋음,지원이 안좋음,총과칼,초반공격력이 보통임,후반공격력이 보통임,초반체력이 적음,후반체력이 보통임,초반방어력이 안좋음,후반방어력이 보통임,초반체력회복력이 안좋음,후반체력회복력이 안좋음,초반공격속도가 빠름,후반공격속도가 빠름
사이온,14,마나,플레이하기 쉬움,탑,이속이 빠름,사거리가 짧음,탱커,군중제어가 좋음,지원이 안좋음,도끼,초반공격력이 셈,후반공격력이 셈,초반체력이 많다,후반체력이 적음,초반방어력이 보통임,후반방어력이 안좋음,초반체력회복력이 좋음,후반체력회복력이 좋음,초반공격속도가 느림,후반공격속도가 보통임
사일러스,517,마나,플레이하기 어려움,미드,이속이 보통임,사거리가 짧음,마법사,군중제어가 보통임,지원이 안좋음,체인,초반공격력이 보통임,후반공격력이 보통임,초반체력이 적음,후반체력이 많음,초반방어력이 보통임,후반방어력이 좋음,초반체력회복력이 좋음,후반체력회복력이 좋음,초반공격속도가 빠름,후반공격속도가 빠름
샤코,35,마나,플레이하기 무난함,정글,이속이 빠름,사거리가 짧음,암살자,군중제어가 보통임,지원이 보통임,단검,초반공격력이 셈,후반공격력이 보통임,초반체력이 보통임,후반체력이 적음,초반방어력이 보통임,후반방어력이 안좋음,초반체력회복력이 좋음,후반체력회복력이 보통임,초반공격속도가 빠름,후반공격속도가 빠름
세나,235,마나,플레이하기 무난함,서폿,이속이 느림,사거리가 김,서포터,군중제어가 보통임,지원이 좋음,총,초반공격력이 약함,후반공격력이 약함,초반체력이 적음,후반체력이 적음,초반방어력이 보통임,후반방어력이 보통임,초반체력회복력이 안좋음,후반체력회복력이 안좋음,초반공격속도가 빠름,후반공격속도가 빠름
세라핀,147,마나,플레이하기 쉬움,서폿,이속이 느림,사거리가 보통임,서포터,군중제어가 좋음,지원이 보통임,27,초반공격력이 약함,후반공격력이 약함,초반체력이 적음,후반체력이 보통임,초반방어력이 안좋음,후반방어력이 안좋음,초반체력회복력이 보통임,후반체력회복력이 보통임,초반공격속도가 느림,후반공격속도가 느림
세주아니,113,마나,플레이하기 무난함,정글,이속이 보통임,사거리가 짧음,탱커,군중제어가 좋음,지원이 안좋음,철퇴,초반공격력이 셈,후반공격력이 셈,초반체력이 보통임,후반체력이 많음,초반방어력이 좋음,후반방어력이 좋음,초반체력회복력이 좋음,후반체력회복력이 좋음,초반공격속도가 빠름,후반공격속도가 빠름
세트,875,투지,플레이하기 무난함,탑,이속이 보통임,사거리가 짧음,전사,군중제어가 보통임,지원이 안좋음,28,초반공격력이 보통임,후반공격력이 셈,초반체력이 많다,후반체력이 많음,초반방어력이 보통임,후반방어력이 좋음,초반체력회복력이 보통임,후반체력회복력이 보통임,초반공격속도가 느림,후반공격속도가 느림
소나,37,마나,플레이하기 쉬움,서폿,이속이 느림,사거리가 김,서포터,군중제어가 보통임,지원이 보통임,악기,초반공격력이 약함,후반공격력이 약함,초반체력이 적음,후반체력이 적음,초반방어력이 안좋음,후반방어력이 안좋음,초반체력회복력이 안좋음,후반체력회복력이 안좋음,초반공격속도가 보통임,후반공격속도가 보통임
소라카,16,마나,플레이하기 쉬움,서폿,이속이 느림,사거리가 김,서포터,군중제어가 보통임,지원이 좋음,지팡이,초반공격력이 약함,후반공격력이 약함,초반체력이 적음,후반체력이 적음,초반방어력이 보통임,후반방어력이 좋음,초반체력회복력이 안좋음,후반체력회복력이 안좋음,초반공격속도가 보통임,후반공격속도가 느림
쉔,98,기력,플레이하기 무난함,탑,이속이 보통임,사거리가 짧음,탱커,군중제어가 보통임,지원이 좋음,검,초반공격력이 보통임,후반공격력이 보통임,초반체력이 보통임,후반체력이 적음,초반방어력이 좋음,후반방어력이 보통임,초반체력회복력이 좋음,후반체력회복력이 좋음,초반공격속도가 빠름,후반공격속도가 빠름
쉬바나,102,분노,플레이하기 쉬움,정글,이속이 빠름,사거리가 짧음,전사,군중제어가 안좋음,지원이 안좋음,29,초반공격력이 셈,후반공격력이 셈,초반체력이 많다,후반체력이 많음,초반방어력이 좋음,후반방어력이 좋음,초반체력회복력이 좋음,후반체력회복력이 좋음,초반공격속도가 보통임,후반공격속도가 보통임
스몰더,901,마나,플레이하기 쉬움,원딜,이속이 느림,사거리가 김,원거리,군중제어가 안좋음,지원이 안좋음,30,초반공격력이 보통임,후반공격력이 약함,초반체력이 적음,후반체력이 적음,초반방어력이 안좋음,후반방어력이 보통임,초반체력회복력이 안좋음,후반체력회복력이 안좋음,초반공격속도가 빠름,후반공격속도가 빠름
스웨인,50,마나,플레이하기 무난함,서폿,이속이 느림,사거리가 보통임,마법사,군중제어가 보통임,지원이 안좋음,31,초반공격력이 보통임,후반공격력이 약함,초반체력이 적음,후반체력이 적음,초반방어력이 안좋음,후반방어력이 좋음,초반체력회복력이 보통임,후반체력회복력이 보통임,초반공격속도가 보통임,후반공격속도가 느림
스카너,72,마나,플레이하기 무난함,정글,이속이 보통임,사거리가 짧음,탱커,군중제어가 좋음,지원이 안좋음,32,초반공격력이 셈,후반공격력이 셈,초반체력이 많다,후반체력이 적음,초반방어력이 좋음,후반방어력이 좋음,초반체력회복력이 좋음,후반체력회복력이 좋음,초반공격속도가 보통임,후반공격속도가 느림
시비르,15,마나,플레이하기 무난함,원딜,이속이 보통임,사거리가 보통임,원거리,군중제어가 안좋음,지원이 보통임,검,초반공격력이 보통임,후반공격력이 약함,초반체력이 적음,후반체력이 보통임,초반방어력이 안좋음,후반방어력이 안좋음,초반체력회복력이 안좋음,후반체력회복력이 안좋음,초반공격속도가 보통임,후반공격속도가 느림
신 짜오,5,마나,플레이하기 쉬움,정글,이속이 빠름,사거리가 짧음,전사,군중제어가 보통임,지원이 안좋음,창,초반공격력이 셈,후반공격력이 보통임,초반체력이 보통임,후반체력이 많음,초반방어력이 좋음,후반방어력이 좋음,초반체력회복력이 좋음,후반체력회복력이 좋음,초반공격속도가 빠름,후반공격속도가 빠름
신드라,134,마나,플레이하기 어려움,미드,이속이 느림,사거리가 김,마법사,군중제어가 보통임,지원이 안좋음,33,초반공격력이 약함,후반공격력이 약함,초반체력이 적음,후반체력이 보통임,초반방어력이 안좋음,후반방어력이 안좋음,초반체력회복력이 보통임,후반체력회복력이 보통임,초반공격속도가 보통임,후반공격속도가 느림
신지드,27,마나,플레이하기 무난함,탑,이속이 빠름,사거리가 짧음,탱커,군중제어가 보통임,지원이 안좋음,34,초반공격력이 셈,후반공격력이 셈,초반체력이 많다,후반체력이 적음,초반방어력이 좋음,후반방어력이 좋음,초반체력회복력이 좋음,후반체력회복력이 보통임,초반공격속도가 느림,후반공격속도가 느림
쓰레쉬,412,마나,플레이하기 어려움,서폿,이속이 느림,사거리가 보통임,서포터,군중제어가 좋음,지원이 좋음,낫,초반공격력이 보통임,후반공격력이 약함,초반체력이 적음,후반체력이 많음,초반방어력이 보통임,후반방어력이 안좋음,초반체력회복력이 보통임,후반체력회복력이 보통임,초반공격속도가 빠름,후반공격속도가 빠름
아리,103,마나,플레이하기 무난함,미드,이속이 느림,사거리가 김,마법사,군중제어가 보통임,지원이 안좋음,35,초반공격력이 약함,후반공격력이 약함,초반체력이 적음,후반체력이 적음,초반방어력이 안좋음,후반방어력이 안좋음,초반체력회복력이 안좋음,후반체력회복력이 안좋음,초반공격속도가 보통임,후반공격속도가 보통임
아무무,32,마나,플레이하기 쉬움,정글,이속이 보통임,사거리가 짧음,탱커,군중제어가 좋음,지원이 안좋음,36,초반공격력이 약함,후반공격력이 보통임,초반체력이 많다,후반체력이 보통임,초반방어력이 보통임,후반방어력이 안좋음,초반체력회복력이 좋음,후반체력회복력이 좋음,초반공격속도가 보통임,후반공격속도가 빠름
아우렐리온 솔,136,마나,플레이하기 무난함,미드,이속이 느림,사거리가 김,마법사,군중제어가 보통임,지원이 안좋음,37,초반공격력이 보통임,후반공격력이 보통임,초반체력이 많다,후반체력이 많음,초반방어력이 안좋음,후반방어력이 안좋음,초반체력회복력이 보통임,후반체력회복력이 보통임,초반공격속도가 느림,후반공격속도가 느림
아이번,427,마나,플레이하기 어려움,정글,이속이 느림,사거리가 보통임,서포터,군중제어가 좋음,지원이 좋음,38,초반공격력이 약함,후반공격력이 약함,초반체력이 많다,후반체력이 보통임,초반방어력이 보통임,후반방어력이 보통임,초반체력회복력이 보통임,후반체력회복력이 좋음,초반공격속도가 빠름,후반공격속도가 빠름
아지르,268,마나,플레이하기 어려움,미드,이속이 보통임,사거리가 보통임,마법사,군중제어가 보통임,지원이 안좋음,지팡이,초반공격력이 약함,후반공격력이 약함,초반체력이 보통임,후반체력이 많음,초반방어력이 안좋음,후반방어력이 안좋음,초반체력회복력이 보통임,후반체력회복력이 좋음,초반공격속도가 빠름,후반공격속도가 보통임
아칼리,84,기력,플레이하기 무난함,미드,이속이 빠름,사거리가 짧음,암살자,군중제어가 안좋음,지원이 안좋음,단검,초반공격력이 셈,후반공격력이 보통임,초반체력이 적음,후반체력이 많음,초반방어력이 안좋음,후반방어력이 안좋음,초반체력회복력이 좋음,후반체력회복력이 좋음,초반공격속도가 빠름,후반공격속도가 보통임
아크샨,166,마나,플레이하기 어려움,미드,이속이 느림,사거리가 보통임,원거리,군중제어가 안좋음,지원이 보통임,총,초반공격력이 약함,후반공격력이 보통임,초반체력이 보통임,후반체력이 보통임,초반방어력이 안좋음,후반방어력이 안좋음,초반체력회복력이 안좋음,후반체력회복력이 안좋음,초반공격속도가 빠름,후반공격속도가 빠름
아트록스,266,피의 샘,플레이하기 무난함,탑,이속이 빠름,사거리가 짧음,전사,군중제어가 보통임,지원이 보통임,검,초반공격력이 보통임,후반공격력이 셈,초반체력이 많다,후반체력이 많음,초반방어력이 좋음,후반방어력이 좋음,초반체력회복력이 안좋음,후반체력회복력이 좋음,초반공격속도가 보통임,후반공격속도가 보통임
아펠리오스,523,마나,플레이하기 어려움,원딜,이속이 느림,사거리가 김,원거리,군중제어가 보통임,지원이 안좋음,총,초반공격력이 약함,후반공격력이 약함,초반체력이 적음,후반체력이 적음,초반방어력이 안좋음,후반방어력이 안좋음,초반체력회복력이 안좋음,후반체력회복력이 안좋음,초반공격속도가 보통임,후반공격속도가 보통임
알리스타,12,마나,플레이하기 쉬움,서폿,이속이 느림,사거리가 짧음,탱커,군중제어가 좋음,지원이 보통임,39,초반공격력이 셈,후반공격력이 셈,초반체력이 많다,후반체력이 많음,초반방어력이 좋음,후반방어력이 좋음,초반체력회복력이 좋음,후반체력회복력이 좋음,초반공격속도가 보통임,후반공격속도가 느림
암베사,799,기력,플레이하기 어려움,탑,이속이 보통임,사거리가 짧음,전사,군중제어가 안좋음,지원이 안좋음,칼날,초반공격력이 셈,후반공격력이 보통임,초반체력이 보통임,후반체력이 많음,초반방어력이 좋음,후반방어력이 좋음,초반체력회복력이 좋음,후반체력회복력이 좋음,초반공격속도가 보통임,후반공격속도가 보통임
애니,1,마나,플레이하기 쉬움,미드,이속이 보통임,사거리가 김,마법사,군중제어가 좋음,지원이 보통임,40,초반공격력이 약함,후반공격력이 약함,초반체력이 적음,후반체력이 적음,초반방어력이 안좋음,후반방어력이 보통임,초반체력회복력이 안좋음,후반체력회복력이 안좋음,초반공격속도가 느림,후반공격속도가 느림
애니비아,34,마나,플레이하기 어려움,미드,이속이 느림,사거리가 김,마법사,군중제어가 좋음,지원이 보통임,41,초반공격력이 약함,후반공격력이 약함,초반체력이 적음,후반체력이 적음,초반방어력이 안좋음,후반방어력이 보통임,초반체력회복력이 안좋음,후반체력회복력이 안좋음,초반공격속도가 느림,후반공격속도가 느림
애쉬,22,마나,플레이하기 쉬움,원딜,이속이 느림,사거리가 김,원거리,군중제어가 좋음,지원이 보통임,활,초반공격력이 보통임,후반공격력이 보통임,초반체력이 보통임,후반체력이 보통임,초반방어력이 안좋음,후반방어력이 보통임,초반체력회복력이 안좋음,후반체력회복력이 안좋음,초반공격속도가 빠름,후반공격속도가 빠름
야스오,157,기류,플레이하기 어려움,미드,이속이 빠름,사거리가 짧음,전사,군중제어가 보통임,지원이 보통임,검,초반공격력이 보통임,후반공격력이 보통임,초반체력이 적음,후반체력이 적음,초반방어력이 보통임,후반방어력이 보통임,초반체력회복력이 보통임,후반체력회복력이 좋음,초반공격속도가 빠름,후반공격속도가 빠름
에코,245,마나,플레이하기 어려움,정글,이속이 보통임,사거리가 짧음,암살자,군중제어가 보통임,지원이 안좋음,42,초반공격력이 보통임,후반공격력이 보통임,초반체력이 많다,후반체력이 보통임,초반방어력이 보통임,후반방어력이 안좋음,초반체력회복력이 좋음,후반체력회복력이 좋음,초반공격속도가 빠름,후반공격속도가 빠름
엘리스,60,마나,플레이하기 어려움,정글,이속이 느림,사거리가 김,암살자,군중제어가 보통임,지원이 안좋음,43,초반공격력이 약함,후반공격력이 약함,초반체력이 많다,후반체력이 많음,초반방어력이 보통임,후반방어력이 좋음,초반체력회복력이 안좋음,후반체력회복력이 보통임,초반공격속도가 느림,후반공격속도가 느림
오공,62,마나,플레이하기 쉬움,정글,이속이 보통임,사거리가 짧음,전사,군중제어가 보통임,지원이 안좋음,마법봉,초반공격력이 셈,후반공격력이 셈,초반체력이 보통임,후반체력이 적음,초반방어력이 보통임,후반방어력이 보통임,초반체력회복력이 안좋음,후반체력회복력이 안좋음,초반공격속도가 빠름,후반공격속도가 빠름
오른,516,마나,플레이하기 무난함,탑,이속이 보통임,사거리가 짧음,탱커,군중제어가 좋음,지원이 보통임,망치,초반공격력이 셈,후반공격력이 셈,초반체력이 많다,후반체력이 많음,초반방어력이 보통임,후반방어력이 좋음,초반체력회복력이 좋음,후반체력회복력이 좋음,초반공격속도가 보통임,후반공격속도가 느림
오리아나,61,마나,플레이하기 무난함,미드,이속이 느림,사거리가 보통임,마법사,군중제어가 보통임,지원이 보통임,44,초반공격력이 약함,후반공격력이 약함,초반체력이 적음,후반체력이 보통임,초반방어력이 안좋음,후반방어력이 안좋음,초반체력회복력이 보통임,후반체력회복력이 보통임,초반공격속도가 빠름,후반공격속도가 빠름
올라프,2,마나,플레이하기 무난함,탑,이속이 빠름,사거리가 짧음,전사,군중제어가 보통임,지원이 안좋음,도끼,초반공격력이 셈,후반공격력이 셈,초반체력이 많다,후반체력이 많음,초반방어력이 좋음,후반방어력이 보통임,초반체력회복력이 보통임,후반체력회복력이 보통임,초반공격속도가 보통임,후반공격속도가 빠름
요네,777,기류,플레이하기 어려움,미드,이속이 빠름,사거리가 짧음,전사,군중제어가 보통임,지원이 안좋음,검,초반공격력이 보통임,후반공격력이 약함,초반체력이 보통임,후반체력이 적음,초반방어력이 보통임,후반방어력이 보통임,초반체력회복력이 좋음,후반체력회복력이 좋음,초반공격속도가 빠름,후반공격속도가 빠름
요릭,83,마나,플레이하기 무난함,탑,이속이 보통임,사거리가 짧음,전사,군중제어가 보통임,지원이 보통임,45,초반공격력이 셈,후반공격력이 셈,초반체력이 많다,후반체력이 많음,초반방어력이 좋음,후반방어력이 좋음,초반체력회복력이 좋음,후반체력회복력이 좋음,초반공격속도가 보통임,후반공격속도가 느림
우디르,77,마나,플레이하기 무난함,탑,이속이 빠름,사거리가 짧음,전사,군중제어가 보통임,지원이 안좋음,46,초반공격력이 셈,후반공격력이 셈,초반체력이 많다,후반체력이 적음,초반방어력이 좋음,후반방어력이 좋음,초반체력회복력이 보통임,후반체력회복력이 보통임,초반공격속도가 빠름,후반공격속도가 보통임
우르곳,6,마나,플레이하기 무난함,탑,이속이 느림,사거리가 보통임,전사,군중제어가 보통임,지원이 안좋음,47,초반공격력이 셈,후반공격력이 셈,초반체력이 많다,후반체력이 보통임,초반방어력이 좋음,후반방어력이 좋음,초반체력회복력이 좋음,후반체력회복력이 좋음,초반공격속도가 빠름,후반공격속도가 빠름
워윅,19,마나,플레이하기 쉬움,탑,이속이 보통임,사거리가 짧음,전사,군중제어가 보통임,지원이 안좋음,48,초반공격력이 셈,후반공격력이 보통임,초반체력이 보통임,후반체력이 적음,초반방어력이 보통임,후반방어력이 보통임,초반체력회복력이 안좋음,후반체력회복력이 보통임,초반공격속도가 보통임,후반공격속도가 보통임
유미,350,마나,플레이하기 쉬움,서폿,이속이 느림,사거리가 보통임,서포터,군중제어가 안좋음,지원이 좋음,49,초반공격력이 약함,후반공격력이 보통임,초반체력이 적음,후반체력이 적음,초반방어력이 안좋음,후반방어력이 안좋음,초반체력회복력이 보통임,후반체력회복력이 보통임,초반공격속도가 느림,후반공격속도가 느림
이렐리아,39,마나,플레이하기 어려움,탑,이속이 보통임,사거리가 짧음,전사,군중제어가 보통임,지원이 보통임,칼날,초반공격력이 셈,후반공격력이 셈,초반체력이 적음,후반체력이 많음,초반방어력이 좋음,후반방어력이 좋음,초반체력회복력이 좋음,후반체력회복력이 좋음,초반공격속도가 보통임,후반공격속도가 보통임
이블린,28,마나,플레이하기 무난함,정글,이속이 보통임,사거리가 짧음,암살자,군중제어가 안좋음,지원이 보통임,50,초반공격력이 보통임,후반공격력이 보통임,초반체력이 보통임,후반체력이 적음,초반방어력이 좋음,후반방어력이 좋음,초반체력회복력이 좋음,후반체력회복력이 좋음,초반공격속도가 보통임,후반공격속도가 보통임
이즈리얼,81,마나,플레이하기 쉬움,원딜,이속이 느림,사거리가 김,원거리,군중제어가 안좋음,지원이 안좋음,51,초반공격력이 보통임,후반공격력이 약함,초반체력이 적음,후반체력이 보통임,초반방어력이 안좋음,후반방어력이 보통임,초반체력회복력이 안좋음,후반체력회복력이 안좋음,초반공격속도가 보통임,후반공격속도가 보통임
일라오이,420,마나,플레이하기 무난함,탑,이속이 빠름,사거리가 짧음,전사,군중제어가 안좋음,지원이 안좋음,52,초반공격력이 셈,후반공격력이 셈,초반체력이 많다,후반체력이 많음,초반방어력이 좋음,후반방어력이 좋음,초반체력회복력이 좋음,후반체력회복력이 좋음,초반공격속도가 보통임,후반공격속도가 보통임
자르반 4세,59,마나,플레이하기 쉬움,정글,이속이 보통임,사거리가 짧음,전사,군중제어가 보통임,지원이 보통임,창,초반공격력이 셈,후반공격력이 셈,초반체력이 보통임,후반체력이 보통임,초반방어력이 좋음,후반방어력이 좋음,초반체력회복력이 좋음,후반체력회복력이 좋음,초반공격속도가 보통임,후반공격속도가 보통임
자야,498,마나,플레이하기 무난함,원딜,이속이 느림,사거리가 보통임,원거리,군중제어가 좋음,지원이 안좋음,53,초반공격력이 보통임,후반공격력이 셈,초반체력이 많다,후반체력이 보통임,초반방어력이 안좋음,후반방어력이 안좋음,초반체력회복력이 안좋음,후반체력회복력이 보통임,초반공격속도가 빠름,후반공격속도가 빠름
자이라,143,마나,플레이하기 무난함,정글,이속이 보통임,사거리가 김,마법사,군중제어가 좋음,지원이 안좋음,54,초반공격력이 약함,후반공격력이 보통임,초반체력이 적음,후반체력이 적음,초반방어력이 보통임,후반방어력이 안좋음,초반체력회복력이 안좋음,후반체력회복력이 안좋음,초반공격속도가 보통임,후반공격속도가 느림
자크,154,없음,플레이하기 쉬움,정글,이속이 보통임,사거리가 짧음,탱커,군중제어가 좋음,지원이 안좋음,55,초반공격력이 보통임,후반공격력이 보통임,초반체력이 많다,후반체력이 많음,초반방어력이 보통임,후반방어력이 보통임,초반체력회복력이 좋음,후반체력회복력이 보통임,초반공격속도가 느림,후반공격속도가 빠름
잔나,40,마나,플레이하기 쉬움,서폿,이속이 느림,사거리가 보통임,서포터,군중제어가 좋음,지원이 좋음,지팡이,초반공격력이 약함,후반공격력이 약함,초반체력이 적음,후반체력이 적음,초반방어력이 보통임,후반방어력이 좋음,초반체력회복력이 안좋음,후반체력회복력이 안좋음,초반공격속도가 빠름,후반공격속도가 보통임
잭스,24,마나,플레이하기 무난함,탑,이속이 빠름,사거리가 짧음,전사,군중제어가 보통임,지원이 안좋음,지팡이,초반공격력이 셈,후반공격력이 셈,초반체력이 많다,후반체력이 보통임,초반방어력이 좋음,후반방어력이 보통임,초반체력회복력이 좋음,후반체력회복력이 보통임,초반공격속도가 빠름,후반공격속도가 빠름
제드,238,기력,플레이하기 어려움,미드,이속이 빠름,사거리가 짧음,암살자,군중제어가 안좋음,지원이 안좋음,표창,초반공격력이 셈,후반공격력이 셈,초반체력이 많다,후반체력이 보통임,초반방어력이 보통임,후반방어력이 보통임,초반체력회복력이 보통임,후반체력회복력이 보통임,초반공격속도가 빠름,후반공격속도가 빠름
제라스,101,마나,플레이하기 무난함,서폿,이속이 보통임,사거리가 보통임,마법사,군중제어가 보통임,지원이 안좋음,56,초반공격력이 약함,후반공격력이 약함,초반체력이 적음,후반체력이 보통임,초반방어력이 안좋음,후반방어력이 안좋음,초반체력회복력이 안좋음,후반체력회복력이 안좋음,초반공격속도가 느림,후반공격속도가 느림
제리,221,마나,플레이하기 무난함,원딜,이속이 느림,사거리가 보통임,원거리,군중제어가 보통임,지원이 안좋음,총,초반공격력이 약함,후반공격력이 약함,초반체력이 보통임,후반체력이 많음,초반방어력이 안좋음,후반방어력이 안좋음,초반체력회복력이 안좋음,후반체력회복력이 안좋음,초반공격속도가 보통임,후반공격속도가 보통임
제이스,126,마나,플레이하기 무난함,탑,이속이 보통임,사거리가 짧음,원거리,군중제어가 안좋음,지원이 보통임,망치,초반공격력이 보통임,후반공격력이 셈,초반체력이 적음,후반체력이 많음,초반방어력이 안좋음,후반방어력이 보통임,초반체력회복력이 보통임,후반체력회복력이 보통임,초반공격속도가 빠름,후반공격속도가 빠름
조이,142,마나,플레이하기 어려움,미드,이속이 보통임,사거리가 김,마법사,군중제어가 보통임,지원이 안좋음,57,초반공격력이 보통임,후반공격력이 보통임,초반체력이 보통임,후반체력이 보통임,초반방어력이 안좋음,후반방어력이 안좋음,초반체력회복력이 보통임,후반체력회복력이 보통임,초반공격속도가 보통임,후반공격속도가 보통임
직스,115,마나,플레이하기 무난함,원딜,이속이 느림,사거리가 김,마법사,군중제어가 보통임,지원이 안좋음,폭탄,초반공격력이 약함,후반공격력이 약함,초반체력이 적음,후반체력이 보통임,초반방어력이 안좋음,후반방어력이 안좋음,초반체력회복력이 보통임,후반체력회복력이 보통임,초반공격속도가 보통임,후반공격속도가 보통임
진,202,마나,플레이하기 무난함,원딜,이속이 느림,사거리가 김,원거리,군중제어가 보통임,지원이 안좋음,총,초반공격력이 보통임,후반공격력이 셈,초반체력이 많다,후반체력이 많음,초반방어력이 안좋음,후반방어력이 보통임,초반체력회복력이 안좋음,후반체력회복력이 안좋음,초반공격속도가 느림,후반공격속도가 느림
질리언,26,마나,플레이하기 무난함,서폿,이속이 보통임,사거리가 김,서포터,군중제어가 보통임,지원이 좋음,58,초반공격력이 약함,후반공격력이 약함,초반체력이 적음,후반체력이 적음,초반방어력이 안좋음,후반방어력이 보통임,초반체력회복력이 안좋음,후반체력회복력이 안좋음,초반공격속도가 보통임,후반공격속도가 느림
징크스,222,마나,플레이하기 무난함,원딜,이속이 느림,사거리가 보통임,원거리,군중제어가 보통임,지원이 안좋음,총,초반공격력이 보통임,후반공격력이 보통임,초반체력이 보통임,후반체력이 적음,초반방어력이 안좋음,후반방어력이 보통임,초반체력회복력이 안좋음,후반체력회복력이 안좋음,초반공격속도가 느림,후반공격속도가 느림
초가스,31,마나,플레이하기 쉬움,탑,이속이 빠름,사거리가 짧음,탱커,군중제어가 보통임,지원이 안좋음,59,초반공격력이 셈,후반공격력이 셈,초반체력이 많다,후반체력이 적음,초반방어력이 좋음,후반방어력이 좋음,초반체력회복력이 좋음,후반체력회복력이 좋음,초반공격속도가 느림,후반공격속도가 느림
카르마,43,마나,플레이하기 쉬움,서폿,이속이 보통임,사거리가 보통임,마법사,군중제어가 보통임,지원이 보통임,60,초반공격력이 약함,후반공격력이 보통임,초반체력이 적음,후반체력이 많음,초반방어력이 보통임,후반방어력이 좋음,초반체력회복력이 안좋음,후반체력회복력이 안좋음,초반공격속도가 보통임,후반공격속도가 보통임
카밀,164,마나,플레이하기 어려움,탑,이속이 보통임,사거리가 짧음,전사,군중제어가 보통임,지원이 안좋음,61,초반공격력이 셈,후반공격력이 셈,초반체력이 많다,후반체력이 적음,초반방어력이 좋음,후반방어력이 좋음,초반체력회복력이 좋음,후반체력회복력이 좋음,초반공격속도가 보통임,후반공격속도가 보통임
카사딘,38,마나,플레이하기 무난함,미드,이속이 보통임,사거리가 짧음,암살자,군중제어가 안좋음,지원이 안좋음,검,초반공격력이 보통임,후반공격력이 셈,초반체력이 많다,후반체력이 많음,초반방어력이 안좋음,후반방어력이 안좋음,초반체력회복력이 보통임,후반체력회복력이 안좋음,초반공격속도가 빠름,후반공격속도가 빠름
카서스,30,마나,플레이하기 무난함,정글,이속이 보통임,사거리가 보통임,마법사,군중제어가 안좋음,지원이 보통임,지팡이,초반공격력이 약함,후반공격력이 약함,초반체력이 보통임,후반체력이 많음,초반방어력이 안좋음,후반방어력이 안좋음,초반체력회복력이 보통임,후반체력회복력이 보통임,초반공격속도가 보통임,후반공격속도가 느림
카시오페아,69,마나,플레이하기 어려움,미드,이속이 느림,사거리가 김,마법사,군중제어가 좋음,지원이 안좋음,62,초반공격력이 약함,후반공격력이 약함,초반체력이 보통임,후반체력이 보통임,초반방어력이 안좋음,후반방어력이 안좋음,초반체력회복력이 안좋음,후반체력회복력이 안좋음,초반공격속도가 느림,후반공격속도가 느림
카이사,145,마나,플레이하기 무난함,원딜,이속이 보통임,사거리가 보통임,원거리,군중제어가 안좋음,지원이 안좋음,63,초반공격력이 보통임,후반공격력이 약함,초반체력이 많다,후반체력이 보통임,초반방어력이 보통임,후반방어력이 안좋음,초반체력회복력이 안좋음,후반체력회복력이 안좋음,초반공격속도가 느림,후반공격속도가 느림
카직스,121,마나,플레이하기 무난함,정글,이속이 빠름,사거리가 짧음,암살자,군중제어가 안좋음,지원이 안좋음,64,초반공격력이 셈,후반공격력이 보통임,초반체력이 보통임,후반체력이 적음,초반방어력이 좋음,후반방어력이 보통임,초반체력회복력이 좋음,후반체력회복력이 좋음,초반공격속도가 보통임,후반공격속도가 보통임
카타리나,55,없음,플레이하기 어려움,미드,이속이 보통임,사거리가 짧음,암살자,군중제어가 안좋음,지원이 안좋음,단검,초반공격력이 보통임,후반공격력이 보통임,초반체력이 많다,후반체력이 많음,초반방어력이 보통임,후반방어력이 보통임,초반체력회복력이 좋음,후반체력회복력이 좋음,초반공격속도가 보통임,후반공격속도가 보통임
칼리스타,429,마나,플레이하기 어려움,원딜,이속이 느림,사거리가 보통임,원거리,군중제어가 안좋음,지원이 보통임,창,초반공격력이 셈,후반공격력이 셈,초반체력이 적음,후반체력이 많음,초반방어력이 안좋음,후반방어력이 보통임,초반체력회복력이 안좋음,후반체력회복력이 안좋음,초반공격속도가 빠름,후반공격속도가 빠름
케넨,85,기력,플레이하기 무난함,탑,이속이 보통임,사거리가 김,마법사,군중제어가 좋음,지원이 안좋음,65,초반공격력이 약함,후반공격력이 보통임,초반체력이 보통임,후반체력이 적음,초반방어력이 보통임,후반방어력이 좋음,초반체력회복력이 안좋음,후반체력회복력이 보통임,초반공격속도가 빠름,후반공격속도가 보통임
케이틀린,51,마나,플레이하기 쉬움,원딜,이속이 느림,사거리가 김,원거리,군중제어가 보통임,지원이 안좋음,총,초반공격력이 셈,후반공격력이 셈,초반체력이 적음,후반체력이 보통임,초반방어력이 보통임,후반방어력이 보통임,초반체력회복력이 안좋음,후반체력회복력이 안좋음,초반공격속도가 빠름,후반공격속도가 빠름
케인,141,마나,플레이하기 무난함,정글,이속이 보통임,사거리가 짧음,전사,군중제어가 안좋음,지원이 안좋음,낫,초반공격력이 셈,후반공격력이 셈,초반체력이 많다,후반체력이 많음,초반방어력이 좋음,후반방어력이 좋음,초반체력회복력이 좋음,후반체력회복력이 좋음,초반공격속도가 보통임,후반공격속도가 보통임
케일,10,마나,플레이하기 무난함,탑,이속이 보통임,사거리가 짧음,마법사,군중제어가 안좋음,지원이 좋음,검,초반공격력이 약함,후반공격력이 약함,초반체력이 많다,후반체력이 적음,초반방어력이 안좋음,후반방어력이 안좋음,초반체력회복력이 안좋음,후반체력회복력이 안좋음,초반공격속도가 느림,후반공격속도가 느림
코그모,96,마나,플레이하기 무난함,원딜,이속이 느림,사거리가 보통임,원거리,군중제어가 안좋음,지원이 안좋음,66,초반공격력이 보통임,후반공격력이 보통임,초반체력이 보통임,후반체력이 적음,초반방어력이 안좋음,후반방어력이 안좋음,초반체력회복력이 안좋음,후반체력회복력이 안좋음,초반공격속도가 보통임,후반공격속도가 보통임
코르키,42,마나,플레이하기 무난함,원딜,이속이 느림,사거리가 김,원거리,군중제어가 안좋음,지원이 안좋음,67,초반공격력이 약함,후반공격력이 약함,초반체력이 적음,후반체력이 보통임,초반방어력이 보통임,후반방어력이 보통임,초반체력회복력이 안좋음,후반체력회복력이 안좋음,초반공격속도가 보통임,후반공격속도가 보통임
퀸,133,마나,플레이하기 무난함,탑,이속이 보통임,사거리가 보통임,원거리,군중제어가 보통임,지원이 안좋음,총,초반공격력이 보통임,후반공격력이 약함,초반체력이 적음,후반체력이 적음,초반방어력이 보통임,후반방어력이 보통임,초반체력회복력이 안좋음,후반체력회복력이 안좋음,초반공격속도가 빠름,후반공격속도가 빠름
크산테,897,마나,플레이하기 어려움,탑,이속이 느림,사거리가 짧음,탱커,군중제어가 좋음,지원이 보통임,68,초반공격력이 셈,후반공격력이 셈,초반체력이 보통임,후반체력이 많음,초반방어력이 보통임,후반방어력이 보통임,초반체력회복력이 좋음,후반체력회복력이 좋음,초반공격속도가 보통임,후반공격속도가 보통임
클레드,240,용기,플레이하기 무난함,탑,이속이 빠름,사거리가 짧음,전사,군중제어가 안좋음,지원이 안좋음,도끼,초반공격력이 셈,후반공격력이 셈,초반체력이 적음,후반체력이 적음,초반방어력이 좋음,후반방어력이 좋음,초반체력회복력이 보통임,후반체력회복력이 보통임,초반공격속도가 빠름,후반공격속도가 빠름
키아나,246,마나,플레이하기 어려움,미드,이속이 보통임,사거리가 짧음,암살자,군중제어가 보통임,지원이 안좋음,검,초반공격력이 셈,후반공격력이 보통임,초반체력이 적음,후반체력이 많음,초반방어력이 보통임,후반방어력이 보통임,초반체력회복력이 보통임,후반체력회복력이 좋음,초반공격속도가 보통임,후반공격속도가 보통임
킨드레드,203,마나,플레이하기 어려움,정글,이속이 느림,사거리가 보통임,원거리,군중제어가 보통임,지원이 보통임,활,초반공격력이 셈,후반공격력이 보통임,초반체력이 보통임,후반체력이 적음,초반방어력이 보통임,후반방어력이 보통임,초반체력회복력이 보통임,후반체력회복력이 보통임,초반공격속도가 빠름,후반공격속도가 빠름
타릭,44,마나,플레이하기 무난함,서폿,이속이 보통임,사거리가 짧음,서포터,군중제어가 보통임,지원이 좋음,망치,초반공격력이 약함,후반공격력이 보통임,초반체력이 많다,후반체력이 적음,초반방어력이 좋음,후반방어력이 좋음,초반체력회복력이 보통임,후반체력회복력이 안좋음,초반공격속도가 보통임,후반공격속도가 느림
탈론,91,마나,플레이하기 무난함,미드,이속이 보통임,사거리가 짧음,암살자,군중제어가 안좋음,지원이 안좋음,단검,초반공격력이 셈,후반공격력이 셈,초반체력이 많다,후반체력이 많음,초반방어력이 보통임,후반방어력이 보통임,초반체력회복력이 좋음,후반체력회복력이 좋음,초반공격속도가 보통임,후반공격속도가 보통임
탈리야,163,마나,플레이하기 무난함,정글,이속이 느림,사거리가 보통임,마법사,군중제어가 보통임,지원이 좋음,69,초반공격력이 보통임,후반공격력이 보통임,초반체력이 적음,후반체력이 적음,초반방어력이 안좋음,후반방어력이 안좋음,초반체력회복력이 보통임,후반체력회복력이 보통임,초반공격속도가 느림,후반공격속도가 느림
탐 켄치,223,마나,플레이하기 쉬움,서폿,이속이 보통임,사거리가 짧음,탱커,군중제어가 보통임,지원이 좋음,70,초반공격력이 보통임,후반공격력이 보통임,초반체력이 보통임,후반체력이 보통임,초반방어력이 좋음,후반방어력이 좋음,초반체력회복력이 보통임,후반체력회복력이 보통임,초반공격속도가 보통임,후반공격속도가 보통임
트런들,48,마나,플레이하기 쉬움,탑,이속이 빠름,사거리가 짧음,전사,군중제어가 안좋음,지원이 보통임,몽둥이,초반공격력이 셈,후반공격력이 셈,초반체력이 많다,후반체력이 많음,초반방어력이 좋음,후반방어력이 안좋음,초반체력회복력이 보통임,후반체력회복력이 보통임,초반공격속도가 보통임,후반공격속도가 보통임
트리스타나,18,마나,플레이하기 쉬움,원딜,이속이 느림,사거리가 보통임,원거리,군중제어가 보통임,지원이 안좋음,대포,초반공격력이 보통임,후반공격력이 셈,초반체력이 많다,후반체력이 보통임,초반방어력이 안좋음,후반방어력이 안좋음,초반체력회복력이 안좋음,후반체력회복력이 안좋음,초반공격속도가 느림,후반공격속도가 느림
트린다미어,23,분노,플레이하기 쉬움,탑,이속이 빠름,사거리가 짧음,전사,군중제어가 안좋음,지원이 안좋음,검,초반공격력이 셈,후반공격력이 셈,초반체력이 많다,후반체력이 많음,초반방어력이 보통임,후반방어력이 보통임,초반체력회복력이 좋음,후반체력회복력이 좋음,초반공격속도가 보통임,후반공격속도가 빠름
트위스티드 페이트,4,마나,플레이하기 무난함,미드,이속이 느림,사거리가 보통임,마법사,군중제어가 보통임,지원이 보통임,71,초반공격력이 약함,후반공격력이 보통임,초반체력이 적음,후반체력이 많음,초반방어력이 안좋음,후반방어력이 안좋음,초반체력회복력이 안좋음,후반체력회복력이 보통임,초반공격속도가 빠름,후반공격속도가 빠름
트위치,29,마나,플레이하기 무난함,원딜,이속이 느림,사거리가 김,원거리,군중제어가 안좋음,지원이 안좋음,석궁,초반공격력이 보통임,후반공격력이 보통임,초반체력이 많다,후반체력이 보통임,초반방어력이 보통임,후반방어력이 안좋음,초반체력회복력이 안좋음,후반체력회복력이 안좋음,초반공격속도가 빠름,후반공격속도가 빠름
티모,17,마나,플레이하기 쉬움,탑,이속이 느림,사거리가 보통임,원거리,군중제어가 보통임,지원이 보통임,다트,초반공격력이 약함,후반공격력이 약함,초반체력이 적음,후반체력이 보통임,초반방어력이 안좋음,후반방어력이 보통임,초반체력회복력이 안좋음,후반체력회복력이 보통임,초반공격속도가 빠름,후반공격속도가 빠름
파이크,555,마나,플레이하기 무난함,서폿,이속이 느림,사거리가 짧음,서포터,군중제어가 보통임,지원이 안좋음,작살,초반공격력이 셈,후반공격력이 약함,초반체력이 많다,후반체력이 보통임,초반방어력이 좋음,후반방어력이 좋음,초반체력회복력이 보통임,후반체력회복력이 보통임,초반공격속도가 보통임,후반공격속도가 보통임
판테온,80,마나,플레이하기 쉬움,서폿,이속이 빠름,사거리가 짧음,전사,군중제어가 보통임,지원이 안좋음,창,초반공격력이 셈,후반공격력이 셈,초반체력이 많다,후반체력이 많음,초반방어력이 좋음,후반방어력이 좋음,초반체력회복력이 좋음,후반체력회복력이 보통임,초반공격속도가 보통임,후반공격속도가 보통임
피들스틱,9,마나,플레이하기 무난함,정글,이속이 보통임,사거리가 보통임,마법사,군중제어가 좋음,지원이 안좋음,낫,초반공격력이 약함,후반공격력이 약함,초반체력이 많다,후반체력이 많음,초반방어력이 좋음,후반방어력이 좋음,초반체력회복력이 안좋음,후반체력회복력이 보통임,초반공격속도가 보통임,후반공격속도가 느림
피오라,114,마나,플레이하기 어려움,탑,이속이 빠름,사거리가 짧음,전사,군중제어가 보통임,지원이 보통임,검,초반공격력이 셈,후반공격력이 셈,초반체력이 보통임,후반체력이 적음,초반방어력이 보통임,후반방어력이 보통임,초반체력회복력이 좋음,후반체력회복력이 보통임,초반공격속도가 빠름,후반공격속도가 빠름
피즈,105,마나,플레이하기 어려움,미드,이속이 보통임,사거리가 짧음,암살자,군중제어가 보통임,지원이 안좋음,창,초반공격력이 보통임,후반공격력이 보통임,초반체력이 보통임,후반체력이 많음,초반방어력이 안좋음,후반방어력이 안좋음,초반체력회복력이 좋음,후반체력회복력이 좋음,초반공격속도가 빠름,후반공격속도가 빠름
하이머딩거,74,마나,플레이하기 무난함,탑,이속이 보통임,사거리가 김,마법사,군중제어가 보통임,지원이 보통임,72,초반공격력이 보통임,후반공격력이 약함,초반체력이 적음,후반체력이 적음,초반방어력이 안좋음,후반방어력이 안좋음,초반체력회복력이 보통임,후반체력회복력이 보통임,초반공격속도가 느림,후반공격속도가 느림
헤카림,120,마나,플레이하기 무난함,정글,이속이 빠름,사거리가 짧음,전사,군중제어가 보통임,지원이 안좋음,낫,초반공격력이 셈,후반공격력이 셈,초반체력이 보통임,후반체력이 적음,초반방어력이 보통임,후반방어력이 좋음,초반체력회복력이 보통임,후반체력회복력이 좋음,초반공격속도가 보통임,후반공격속도가 보통임
흐웨이,910,마나,플레이하기 어려움,미드,이속이 느림,사거리가 김,마법사,군중제어가 좋음,지원이 보통임,붓,초반공격력이 약함,후반공격력이 보통임,초반체력이 적음,후반체력이 보통임,초반방어력이 안좋음,후반방어력이 안좋음,초반체력회복력이 안좋음,후반체력회복력이 안좋음,초반공격속도가 보통임,후반공격속도가 빠름